"Player.Name.","X.Team.","rec_att.","rec_yds.","rec_tds.","fumbles.","fpts."
"Jimmy Graham","NO",87.7,1180.3,12.9,0,195.4
"Julius Thomas","DEN",76.2,937.8,10.9,0.5,158.2
"Rob Gronkowski","NE",68,915.7,9.5,0,148.6
"Vernon Davis","SF",60.2,822.5,9.7,0.5,139.5
"Jason Witten","DAL",76.7,850.9,6.5,0,124.1
"Jordan Cameron","CLE",74.5,880,5.9,0.5,122.4
"Dennis Pitta","BAL",64.5,759.8,6.8,0,116.8
"Greg Olsen","CAR",72.3,836.7,5.5,0.5,115.7
"Jordan Reed","WAS",64.8,762.8,6.5,0,115.3
"Kyle Rudolph","MIN",63.3,688.7,7,0,110.9
"Zach Ertz","PHI",56.2,712.8,5.6,0.5,103.9
"Martellus Bennett","CHI",62.5,722.9,5,0.5,101.3
"Heath Miller","PIT",61.6,682.2,5,1,96.2
"Ladarius Green","SD",45.9,655.4,5.1,0,96.1
"Antonio Gates","SD",62.5,700.7,4.5,0.5,96.1
"Delanie Walker","TEN",58,610.1,5.6,0.5,93.6
"Charles Clay","MIA",57.1,664.7,4.7,1,92.7
"Eric Ebron","DET",46.1,584.9,5.6,0,92.1
"Jared Cook","STL",48.5,582.1,4.4,1,82.6
"Dwayne Allen","IND",43.5,530.3,4.9,0,82.4
"Garrett Graham","HOU",45.9,505.3,4.1,0,75.1
"Tyler Eifert","CIN",41.7,508.7,3.8,0,73.7
"Jace Amaro","NYJ",40,509.6,3.6,0,72.6
"Scott Chandler","BUF",45.3,514.3,3.6,1,71
"Marcedes Lewis","JAC",39.6,451.6,3.7,0,67.4
"Coby Fleener","IND",35.7,432.1,3.7,0,65.4
"Brent Celek","PHI",35.8,436.9,3.5,0.5,63.7
"Zach Miller","SEA",33.3,379.9,3.4,0,58.4
"Jermaine Gresham","CIN",36.6,401.9,3.1,1.5,55.8
"Travis Kelce","KC",33,390.5,2.5,0.5,53.1
"Adrien Robinson","NYG",31.8,403.5,2.1,0,53
"Mychal Rivera","OAK",32,356.1,2.8,0,52.4
"Austin Seferian-Jenkins","TB",27.4,316.8,3.3,0,51.5
"Owen Daniels","BAL",30.9,348.7,2.5,0,49.9
"Levine Toilolo","ATL",26.9,326.9,2.8,0,49.5
"Brandon Bostick","GB",23.4,336.3,2.8,0.5,49.1
"Tim Wright","TB",25,288.9,2.9,0,46.3
"Andrew Quarless","GB",27,316.1,2.4,0,46
"Jermichael Finley","FA",23.9,291,2.8,0,45.6
"Brandon Pettigrew","DET",30.2,305.1,2.7,1,44.7
"C.J. Fiedorowicz","HOU",22.3,278.3,2.6,0,43.6
"Robert Housler","ARI",27.7,311.6,2,0,43.2
"Anthony Fasano","KC",25.1,257.6,2.5,0,40.8
"Ryan Griffin","HOU",23.3,263.5,1.7,0,36.6
"Luke Willson","SEA",18.1,236.5,1.9,0,35.1
"Gavin Escobar","DAL",19.6,241.5,1.8,0,35
"Jeff Cumberland","NYJ",21.1,254.1,1.5,0,34.4
"John Carlson","ARI",22.2,227.7,1.9,0,34.2
"Lance Kendricks","STL",21.5,240.5,1.6,0,33.7
"Brandon Myers","TB",21.9,235.6,1.6,0,33.2
"David Ausberry","OAK",19.6,237.3,1.5,0,32.7
"Benjamin Watson","NO",19.6,215.4,1.6,0,31.3
"Ed Dickson","CAR",21.8,233.5,1.2,0,30.6
"Joseph Fauria","DET",13.4,157.9,2.2,0.5,28
"Clay Harbor","JAC",17.2,189.1,1.1,0,25.5
"Tony Moeaki","BUF",14.4,177.9,1.1,0,24.5
"Demetrius Harris","KC",11,104,2,0,22.4
"Michael Hoomanawanui","NE",14.9,174.5,0.6,0,21.2
"Kellen Davis","NYG",12.5,132.9,1.3,0,20.8
"Vance McDonald","SF",12.4,171.1,0.6,0,20.7
"Jacob Tamme","DEN",13.9,146.5,1,0,20.7
"Logan Paulsen","WAS",13.8,153.6,0.8,0,20.2
"Virgil Green","DEN",12,165.5,0.5,0,19.6
"Cory Harkey","STL",12.5,121.5,1,0,18.2
"Rhett Ellison","MIN",13,150,0.5,0,18
"Gary Barnidge","CLE",13.8,130.3,0.8,0,17.5
"Jim Dray","CLE",12.8,128.3,0.8,0,17.3
"Dion Sims","MIA",9.8,125.6,0.8,0,17.1
"Troy Niklas","ARI",10.2,134.4,0.6,0,17
"Richard Rodgers","GB",10,107.5,1,0,16.8
"James Hanna","DAL",13,137,0.5,0,16.7
"Crockett Gillmore","BAL",9,115.5,0.8,0,16.1
"Zach Sudfeld","NYJ",9,120.6,0.6,0,15.8
"Bear Pascoe","ATL",13,128,0.5,0,15.8
"Anthony McCoy","SEA",10,113.5,0.5,0,14.4
"Arthur Lynch","MIA",9.5,111,0.5,0,14.1
"Matt Spaeth","PIT",6.5,73,1,0,13.3
"Jake Ballard","ARI",7.5,87.4,0.8,0,13.2
"Josh Hill","FA",8.3,86.3,0.8,0,13.1
"James Casey","PHI",9.3,108,0.4,0,13.1
"Nick Kasa","OAK",8.5,93,0.5,0,12.3
"Joel Dreessen","DEN",8.3,72.8,0.8,0,11.8
"Sean McGrath","KC",7.9,90.8,0.4,0,11.3
"David Paulson","PIT",10.4,110.1,0,0,11
"Larry Donnell","NYG",8,92.5,0,0,9.3
"Michael Egnew","MIA",8.3,91.5,0,0,9.2
"Fendi Onobun","CHI",6.5,89,0,0,8.9
"Chase Ford","MIN",6.5,85,0,0,8.5
"Chris Gragg","BUF",5.6,61.9,0.4,0,8.4
"D.J. Williams","NE",5.8,60.5,0.3,0,7.6
"Mickey Shuler","ATL",6.8,73.5,0,0,7.4
"Gerell Robinson","DEN",6,72.8,0,0,7.3
"Dante Rosario","CHI",4,42.5,0.5,0,7.3
"John Phillips","SD",8,72.5,0,0,7.3
"Craig Stevens","TEN",6.5,71,0,0,7.1
"Weslye Saunders","IND",6,68.3,0,0,6.8
"Taylor Thompson","TEN",6,67.9,0,0,6.8
"Ryan Taylor","GB",5.5,67,0,0,6.7
"Lee Smith","BUF",6.5,64.5,0,0,6.5
"Garrett Celek","SF",5.3,58.5,0,0,5.9
"Niles Paul","WAS",6,57,0,0,5.7
"Allen Reisner","MIN",4.5,56.3,0,0,5.6
"Kevin Brock","CIN",5,55.5,0,0,5.6
"Michael Palmer","PIT",6,53.3,0,0,5.3
"David Johnson","SD",5.3,50.3,0,0,5
"Jack Doyle","IND",5,49.5,0,0,5
"Konrad Reuland","FA",5,47,0,0,4.7
"Luke Stocker","TB",3.5,43.5,0,0,4.4
"MarQueis Gray","CLE",5.3,41.3,0,0,4.1
"Matthew Mulligan","CHI",3.8,40.5,0,0,4.1
"Darren Fells","ARI",3.8,40.5,0,0,4.1
"Zach Miller","CHI",3,39.8,0,0,4
"Mike McNeill","CAR",3,39.8,0,0,4
"Andrew Szczerba","ATL",3,32.3,0,0,3.2
"Brandon Barden","JAC",2.3,30.8,0,0,3.1
"Daniel Fells","NYG",2.3,26.3,0,0,2.6
"Emil Igwenagu","PHI",3,24.8,0,0,2.5
"Richard Gordon","KC",2.3,23.3,0,0,2.3
"Ted Bolser","WAS",2.3,12,0,0,1.2
"Richie Brockel","CAR",2.3,10.5,0,0,1.1
"Brandon Williams","ARI",1.5,9,0,0,0.9
"Brad Smelley","HOU",1.5,9,0,0,0.9
